method,intensity,cosine_similarity,vocab_overlap,sentiment_js_divergence,spelling_error_rate,drift_magnitude_pct
Adjective Swap,0.0,0.7441,0.7017,0.0291,0.0207,3.4
Adjective Swap,0.25,0.7284,0.6706,0.0291,0.0216,5.7
Adjective Swap,0.5,0.7199,0.6428,0.063,0.0216,18.4
Adjective Swap,0.75,0.6923,0.6297,0.1307,0.0224,38.8
Adjective Swap,1.0,0.6708,0.6107,0.2864,0.0224,70.5
Noise Injection,0.0,0.7441,0.7017,0.0291,0.0207,3.4
Noise Injection,0.25,0.7184,0.4787,0.0677,0.158,54.0
Noise Injection,0.5,0.7341,0.4227,0.0204,0.2268,74.9
Noise Injection,0.75,0.6776,0.3673,0.0617,0.2952,78.8
Noise Injection,1.0,0.6586,0.3166,0.0291,0.3656,78.8
Formality Shift,0.0,0.7441,0.7017,0.0291,0.0207,3.4
Formality Shift,0.25,0.7319,0.6958,0.038,0.023,8.1
Formality Shift,0.5,0.7063,0.6974,0.038,0.0254,10.6
Formality Shift,0.75,0.653,0.6891,0.063,0.0306,22.6
Formality Shift,1.0,0.6338,0.6864,0.063,0.0349,26.6
